Workbook

Sheet data
A1: aux | B1: localidad | C1: year | D1: share | E1: shift | F1: z | G1: migr | H1: lat | I1: lon | J1: y | K1: ing_prom
A2: =B2&C2 -> Chapinero2014 | B2: Chapinero | C2: 2014 | D2: =VLOOKUP(B2,share!$A$1:$C$20,3,FALSE) -> 0.1757732 | E2: =VLOOKUP(C2,shift!$A$1:$C$15,3,FALSE) -> 0.11099151 | F2: =D2*E2 -> 0.019509333 | G2: =VLOOKUP(A2,migr!$A$1:$H$210,8,FALSE) -> 0.15243188 | H2: =VLOOKUP(B2,localidades!$B$1:$E$20,3,FALSE) -> -74.036939 | I2: =VLOOKUP(B2,localidades!$H$1:$K$20,4,FALSE) -> 4.6449244 | J2: =VLOOKUP(A2,def_hab!$A$1:$E$210,5,FALSE) -> 0.0043726926 | K2: =VLOOKUP(A2,ing_prom!$A$1:$D$229,4,FALSE) -> 1173566.2
A3: =B3&C3 -> Teusaquillo2014 | B3: Teusaquillo | C3: 2014 | D3: =VLOOKUP(B3,share!$A$1:$C$20,3,FALSE) -> 0.15068729 | E3: =VLOOKUP(C3,shift!$A$1:$C$15,3,FALSE) -> 0.11099151 | F3: =D3*E3 -> 0.016725009 | G3: =VLOOKUP(A3,migr!$A$1:$H$210,8,FALSE) -> 0.083273262 | H3: =VLOOKUP(B3,localidades!$B$1:$E$20,3,FALSE) -> -74.085769 | I3: =VLOOKUP(B3,localidades!$H$1:$K$20,4,FALSE) -> 4.6411736 | J3: =VLOOKUP(A3,def_hab!$A$1:$E$210,5,FALSE) -> 0.00031444629 | K3: =VLOOKUP(A3,ing_prom!$A$1:$D$229,4,FALSE) -> 2436551.5
A4: =B4&C4 -> Usaquén2014 | B4: Usaquén | C4: 2014 | D4: =VLOOKUP(B4,share!$A$1:$C$20,3,FALSE) -> 0.14725086 | E4: =VLOOKUP(C4,shift!$A$1:$C$15,3,FALSE) -> 0.11099151 | F4: =D4*E4 -> 0.016343595 | G4: =VLOOKUP(A4,migr!$A$1:$H$210,8,FALSE) -> 0.73245974 | H4: =VLOOKUP(B4,localidades!$B$1:$E$20,3,FALSE) -> -74.027882 | I4: =VLOOKUP(B4,localidades!$H$1:$K$20,4,FALSE) -> 4.741926 | J4: =VLOOKUP(A4,def_hab!$A$1:$E$210,5,FALSE) -> 0.0099860393 | K4: =VLOOKUP(A4,ing_prom!$A$1:$D$229,4,FALSE) -> 1933691.5
A5: =B5&C5 -> Suba2014 | B5: Suba | C5: 2014 | D5: =VLOOKUP(B5,share!$A$1:$C$20,3,FALSE) -> 0.10876289 | E5: =VLOOKUP(C5,shift!$A$1:$C$15,3,FALSE) -> 0.11099151 | F5: =D5*E5 -> 0.012071757 | G5: =VLOOKUP(A5,migr!$A$1:$H$210,8,FALSE) -> 1.4100969 | H5: =VLOOKUP(B5,localidades!$B$1:$E$20,3,FALSE) -> -74.075846 | I5: =VLOOKUP(B5,localidades!$H$1:$K$20,4,FALSE) -> 4.7632065 | J5: =VLOOKUP(A5,def_hab!$A$1:$E$210,5,FALSE) -> 0.020751456 | K5: =VLOOKUP(A5,ing_prom!$A$1:$D$229,4,FALSE) -> 1347226.5
A6: =B6&C6 -> Barrios Unidos2014 | B6: Barrios Unidos | C6: 2014 | D6: =VLOOKUP(B6,share!$A$1:$C$20,3,FALSE) -> 0.071993127 | E6: =VLOOKUP(C6,shift!$A$1:$C$15,3,FALSE) -> 0.11099151 | F6: =D6*E6 -> 0.0079906259 | G6: =VLOOKUP(A6,migr!$A$1:$H$210,8,FALSE) -> 0.10737495 | H6: =VLOOKUP(B6,localidades!$B$1:$E$20,3,FALSE) -> -74.073552 | I6: =VLOOKUP(B6,localidades!$H$1:$K$20,4,FALSE) -> 4.6695668 | J6: =VLOOKUP(A6,def_hab!$A$1:$E$210,5,FALSE) -> 0.0074646706 | K6: =VLOOKUP(A6,ing_prom!$A$1:$D$229,4,FALSE) -> 1334957.3
A7: =B7&C7 -> Engativá2014 | B7: Engativá | C7: 2014 | D7: =VLOOKUP(B7,share!$A$1:$C$20,3,FALSE) -> 0.060309278 | E7: =VLOOKUP(C7,shift!$A$1:$C$15,3,FALSE) -> 0.11099151 | F7: =D7*E7 -> 0.0066938179 | G7: =VLOOKUP(A7,migr!$A$1:$H$210,8,FALSE) -> 0.79488056 | H7: =VLOOKUP(B7,localidades!$B$1:$E$20,3,FALSE) -> -74.113187 | I7: =VLOOKUP(B7,localidades!$H$1:$K$20,4,FALSE) -> 4.7011253 | J7: =VLOOKUP(A7,def_hab!$A$1:$E$210,5,FALSE) -> 0.016364924 | K7: =VLOOKUP(A7,ing_prom!$A$1:$D$229,4,FALSE) -> 449137.29
A8: =B8&C8 -> Fontibón2014 | B8: Fontibón | C8: 2014 | D8: =VLOOKUP(B8,share!$A$1:$C$20,3,FALSE) -> 0.050171821 | E8: =VLOOKUP(C8,shift!$A$1:$C$15,3,FALSE) -> 0.11099151 | F8: =D8*E8 -> 0.0055686462 | G8: =VLOOKUP(A8,migr!$A$1:$H$210,8,FALSE) -> 0.34954371 | H8: =VLOOKUP(B8,localidades!$B$1:$E$20,3,FALSE) -> -74.140151 | I8: =VLOOKUP(B8,localidades!$H$1:$K$20,4,FALSE) -> 4.6781827 | J8: =VLOOKUP(A8,def_hab!$A$1:$E$210,5,FALSE) -> 0.016330346 | K8: =VLOOKUP(A8,ing_prom!$A$1:$D$229,4,FALSE) -> 989776.64
A9: =B9&C9 -> Kennedy2014 | B9: Kennedy | C9: 2014 | D9: =VLOOKUP(B9,share!$A$1:$C$20,3,FALSE) -> 0.046907216 | E9: =VLOOKUP(C9,shift!$A$1:$C$15,3,FALSE) -> 0.11099151 | F9: =D9*E9 -> 0.0052063028 | G9: =VLOOKUP(A9,migr!$A$1:$H$210,8,FALSE) -> 1.2157819 | H9: =VLOOKUP(B9,localidades!$B$1:$E$20,3,FALSE) -> -74.152668 | I9: =VLOOKUP(B9,localidades!$H$1:$K$20,4,FALSE) -> 4.6303471 | J9: =VLOOKUP(A9,def_hab!$A$1:$E$210,5,FALSE) -> 0.02677048 | K9: =VLOOKUP(A9,ing_prom!$A$1:$D$229,4,FALSE) -> 1236142.2
A10: =B10&C10 -> Antonio Nariño2014 | B10: Antonio Nariño | C10: 2014 | D10: =VLOOKUP(B10,share!$A$1:$C$20,3,FALSE) -> 0.02766323 | E10: =VLOOKUP(C10,shift!$A$1:$C$15,3,FALSE) -> 0.11099151 | F10: =D10*E10 -> 0.0030703837 | G10: =VLOOKUP(A10,migr!$A$1:$H$210,8,FALSE) -> 0.10424039 | H10: =VLOOKUP(B10,localidades!$B$1:$E$20,3,FALSE) -> -74.102842 | I10: =VLOOKUP(B10,localidades!$H$1:$K$20,4,FALSE) -> 4.5887707 | J10: =VLOOKUP(A10,def_hab!$A$1:$E$210,5,FALSE) -> 0.013621516 | K10: =VLOOKUP(A10,ing_prom!$A$1:$D$229,4,FALSE) -> 890722.89
A11: =B11&C11 -> La Candelaria2014 | B11: La Candelaria | C11: 2014 | D11: =VLOOKUP(B11,share!$A$1:$C$20,3,FALSE) -> 0.008419244 | E11: =VLOOKUP(C11,shift!$A$1:$C$15,3,FALSE) -> 0.11099151 | F11: =D11*E11 -> 0.00093446461 | G11: =VLOOKUP(A11,migr!$A$1:$H$210,8,FALSE) -> 0.030335601 | H11: =VLOOKUP(B11,localidades!$B$1:$E$20,3,FALSE) -> -74.072071 | I11: =VLOOKUP(B11,localidades!$H$1:$K$20,4,FALSE) -> 4.5966051 | J11: =VLOOKUP(A11,def_hab!$A$1:$E$210,5,FALSE) -> 0.0019083525 | K11: =VLOOKUP(A11,ing_prom!$A$1:$D$229,4,FALSE) -> 730205.98
A12: =B12&C12 -> Santa Fe2014 | B12: Santa Fe | C12: 2014 | D12: =VLOOKUP(B12,share!$A$1:$C$20,3,FALSE) -> 0.015979381 | E12: =VLOOKUP(C12,shift!$A$1:$C$15,3,FALSE) -> 0.11099151 | F12: =D12*E12 -> 0.0017735757 | G12: =VLOOKUP(A12,migr!$A$1:$H$210,8,FALSE) -> 0.15661651 | H12: =VLOOKUP(B12,localidades!$B$1:$E$20,3,FALSE) -> -74.036217 | I12: =VLOOKUP(B12,localidades!$H$1:$K$20,4,FALSE) -> 4.5939728 | J12: =VLOOKUP(A12,def_hab!$A$1:$E$210,5,FALSE) -> 0.047367336 | K12: =VLOOKUP(A12,ing_prom!$A$1:$D$229,4,FALSE) -> 738811
A13: =B13&C13 -> Puente Aranda2014 | B13: Puente Aranda | C13: 2014 | D13: =VLOOKUP(B13,share!$A$1:$C$20,3,FALSE) -> 0.031786942 | E13: =VLOOKUP(C13,shift!$A$1:$C$15,3,FALSE) -> 0.11099151 | F13: =D13*E13 -> 0.0035280807 | G13: =VLOOKUP(A13,migr!$A$1:$H$210,8,FALSE) -> 0.1226771 | H13: =VLOOKUP(B13,localidades!$B$1:$E$20,3,FALSE) -> -74.11158 | I13: =VLOOKUP(B13,localidades!$H$1:$K$20,4,FALSE) -> 4.6162454 | J13: =VLOOKUP(A13,def_hab!$A$1:$E$210,5,FALSE) -> 0.01324707 | K13: =VLOOKUP(A13,ing_prom!$A$1:$D$229,4,FALSE) -> 884991.05
... A210: =B210&C210 -> Bosa2024 | B210: Bosa | C210: 2024 | D210: =VLOOKUP(B210,share!$A$1:$C$20,3,FALSE) -> 0.025945017 | E210: =VLOOKUP(C210,shift!$A$1:$C$15,3,FALSE) -> 0.19704834 | F210: =D210*E210 -> 0.0051124226 | G210: =VLOOKUP(A210,migr!$A$1:$H$210,8,FALSE) -> 1.3569731 | H210: =VLOOKUP(B210,localidades!$B$1:$E$20,3,FALSE) -> -74.194389 | I210: =VLOOKUP(B210,localidades!$H$1:$K$20,4,FALSE) -> 4.6217798 | J210: =VLOOKUP(A210,def_hab!$A$1:$E$210,5,FALSE) -> 0.0337713 | K210: =VLOOKUP(A210,ing_prom!$A$1:$D$229,4,FALSE) -> 1014246.5

Sheet shift
A1: year | B1: flujo_ven | C1: shift
A2: 2012 | B2: 251485
A3: 2013 | B3: 262912 | C3: =(B3/B2)-1 -> 0.045438098
A4: 2014 | B4: 292093 | C4: =(B4/B3)-1 -> 0.11099151
A5: 2015 | B5: 328947 | C5: =(B5/B4)-1 -> 0.12617214
A6: 2016 | B6: 378466 | C6: =(B6/B5)-1 -> 0.15053793
A7: 2017 | B7: 795320 | C7: =(B7/B6)-1 -> 1.1014305
A8: 2018 | B8: 1357893 | C8: =(B8/B7)-1 -> 0.70735427
A9: 2019 | B9: 1092782 | C9: =(B9/B8)-1 -> -0.19523703
A10: 2020 | B10: 189381 | C10: =(B10/B9)-1 -> -0.82669828
A11: 2021 | B11: 259891 | C11: =(B11/B10)-1 -> 0.37231824
A12: 2022 | B12: 452605 | C12: =(B12/B11)-1 -> 0.74151856
A13: 2023 | B13: 468347 | C13: =(B13/B12)-1 -> 0.03478088
A14: 2024 | B14: 560634 | C14: =(B14/B13)-1 -> 0.19704834
A15: 2025 | B15: 321279 | C15: =(B15/B14)-1 -> -0.42693629

Sheet share
A1: loc | B1: pob_ven_2005 | C1: share
A2: Chapinero | B2: 1023 | C2: =B2/SUM($B$2:$B$20) -> 0.1757732
A3: Teusaquillo | B3: 877 | C3: =B3/SUM($B$2:$B$20) -> 0.15068729
A4: Usaquén | B4: 857 | C4: =B4/SUM($B$2:$B$20) -> 0.14725086
A5: Suba | B5: 633 | C5: =B5/SUM($B$2:$B$20) -> 0.10876289
A6: Barrios Unidos | B6: 419 | C6: =B6/SUM($B$2:$B$20) -> 0.071993127
A7: Engativá | B7: 351 | C7: =B7/SUM($B$2:$B$20) -> 0.060309278
A8: Fontibón | B8: 292 | C8: =B8/SUM($B$2:$B$20) -> 0.050171821
A9: Kennedy | B9: 273 | C9: =B9/SUM($B$2:$B$20) -> 0.046907216
A10: Antonio Nariño | B10: 161 | C10: =B10/SUM($B$2:$B$20) -> 0.02766323
A11: La Candelaria | B11: 49 | C11: =B11/SUM($B$2:$B$20) -> 0.008419244
A12: Santa Fe | B12: 93 | C12: =B12/SUM($B$2:$B$20) -> 0.015979381
A13: Puente Aranda | B13: 185 | C13: =B13/SUM($B$2:$B$20) -> 0.031786942
... A20: Bosa | B20: 151 | C20: =B20/SUM($B$2:$B$20) -> 0.025945017

Sheet localidades
A1: cod_loc | B1: loc | C1: pob_loc_2005 | D1: lon | E1: lat | H1: Column1 | I1: Localidad | J1: longitud | K1: latitud
A2: 8 | B2: Kennedy | C2: 933574 | D2: =VLOOKUP(B2,$H$1:$K$20,3,FALSE) -> -74.152668 | E2: =VLOOKUP(B2,$H$1:$K$20,4,FALSE) -> 4.6303471 | H2: Antonio Nariño | I2: ANTONIO NARIÃ‘O | J2: -74.102842 | K2: 4.5887707
A3: 11 | B3: Suba | C3: 907380 | D3: =VLOOKUP(B3,$H$1:$K$20,3,FALSE) -> -74.075846 | E3: =VLOOKUP(B3,$H$1:$K$20,4,FALSE) -> 4.7632065 | H3: Barrios Unidos | I3: BARRIOS UNIDOS | J3: -74.073552 | K3: 4.6695668
A4: 10 | B4: Engativá | C4: 789840 | D4: =VLOOKUP(B4,$H$1:$K$20,3,FALSE) -> -74.113187 | E4: =VLOOKUP(B4,$H$1:$K$20,4,FALSE) -> 4.7011253 | H4: Bosa | I4: BOSA | J4: -74.194389 | K4: 4.6217798
A5: 19 | B5: Ciudad Bolívar | C5: 564441 | D5: =VLOOKUP(B5,$H$1:$K$20,3,FALSE) -> -74.16196 | E5: =VLOOKUP(B5,$H$1:$K$20,4,FALSE) -> 4.4824558 | H5: La Candelaria | I5: CANDELARIA | J5: -74.072071 | K5: 4.5966051
A6: 7 | B6: Bosa | C6: 499108 | D6: =VLOOKUP(B6,$H$1:$K$20,3,FALSE) -> -74.194389 | E6: =VLOOKUP(B6,$H$1:$K$20,4,FALSE) -> 4.6217798 | H6: Chapinero | I6: CHAPINERO | J6: -74.036939 | K6: 4.6449244
A7: 1 | B7: Usaquén | C7: 415099 | D7: =VLOOKUP(B7,$H$1:$K$20,3,FALSE) -> -74.027882 | E7: =VLOOKUP(B7,$H$1:$K$20,4,FALSE) -> 4.741926 | H7: Ciudad Bolívar | I7: CIUDAD BOLIVAR | J7: -74.16196 | K7: 4.4824558
A8: 4 | B8: San Cristóbal | C8: 400187 | D8: =VLOOKUP(B8,$H$1:$K$20,3,FALSE) -> -74.066072 | E8: =VLOOKUP(B8,$H$1:$K$20,4,FALSE) -> 4.5487488 | H8: Engativá | I8: ENGATIVA | J8: -74.113187 | K8: 4.7011253
A9: 18 | B9: Rafael Uribe | C9: 371504 | D9: =VLOOKUP(B9,$H$1:$K$20,3,FALSE) -> -74.113363 | E9: =VLOOKUP(B9,$H$1:$K$20,4,FALSE) -> 4.5664767 | H9: Fontibón | I9: FONTIBON | J9: -74.140151 | K9: 4.6781827
A10: 5 | B10: Usme | C10: 296824 | D10: =VLOOKUP(B10,$H$1:$K$20,3,FALSE) -> -74.142812 | E10: =VLOOKUP(B10,$H$1:$K$20,4,FALSE) -> 4.390019 | H10: Kennedy | I10: KENNEDY | J10: -74.152668 | K10: 4.6303471
A11: 9 | B11: Fontibón | C11: 295840 | D11: =VLOOKUP(B11,$H$1:$K$20,3,FALSE) -> -74.140151 | E11: =VLOOKUP(B11,$H$1:$K$20,4,FALSE) -> 4.6781827 | H11: Los Mártires | I11: LOS MARTIRES | J11: -74.087948 | K11: 4.6071559
A12: 16 | B12: Puente Aranda | C12: 249279 | D12: =VLOOKUP(B12,$H$1:$K$20,3,FALSE) -> -74.11158 | E12: =VLOOKUP(B12,$H$1:$K$20,4,FALSE) -> 4.6162454 | H12: Puente Aranda | I12: PUENTE ARANDA | J12: -74.11158 | K12: 4.6162454
A13: 12 | B13: Barrios Unidos | C13: 218880 | D13: =VLOOKUP(B13,$H$1:$K$20,3,FALSE) -> -74.073552 | E13: =VLOOKUP(B13,$H$1:$K$20,4,FALSE) -> 4.6695668 | H13: Rafael Uribe | I13: RAFAEL URIBE URIBE | J13: -74.113363 | K13: 4.5664767
... A20: 17 | B20: La Candelaria | C20: 22298 | D20: =VLOOKUP(B20,$H$1:$K$20,3,FALSE) -> -74.072071 | E20: =VLOOKUP(B20,$H$1:$K$20,4,FALSE) -> 4.5966051 | H20: Usme | I20: USME | J20: -74.142812 | K20: 4.390019

Sheet pob_bog
A1: year | B1: pob_bog
A2: 2012 | B2: 7175553
A3: 2013 | B3: 7207289
A4: 2014 | B4: 7231097
A5: 2015 | B5: 7250675
A6: 2016 | B6: 7277543
A7: 2017 | B7: 7313244
A8: 2018 | B8: 7366187
A9: 2019 | B9: 7507403
A10: 2020 | B10: 7690578
A11: 2021 | B11: 7777174
A12: 2022 | B12: 7820740
A13: 2023 | B13: 7854783
A14: 2024 | B14: 7888813

Sheet migr
A1: Aux | B1: year | C1: LOC | D1: loc | E1: per_loc_21 | F1: ven_estimados | G1: pob_bog | H1: migr | M1: Column2 | N1: Column1
A2: =D2&B2 -> Antonio Nariño2014 | B2: 2014 | C2: ANTONIO NARINO | D2: {=VLOOKUP(C2:C2,$M$1:$N$20,2,FALSE)} -> Antonio Nariño | E2: 0.012288526 | F2: 753.77239 | G2: 7231097 | H2: 0.10424039 | M2: ANTONIO NARINO | N2: Antonio Nariño
A3: =D3&B3 -> Barrios Unidos2014 | B3: 2014 | C3: BARRIOS UNIDOS | D3: {=VLOOKUP(C3:C3,$M$1:$N$20,2,FALSE)} -> Barrios Unidos | E3: 0.012658047 | F3: 776.43866 | G3: 7231097 | H3: 0.10737495 | M3: BARRIOS UNIDOS | N3: Barrios Unidos
A4: =D4&B4 -> Bosa2014 | B4: 2014 | C4: BOSA | D4: {=VLOOKUP(C4:C4,$M$1:$N$20,2,FALSE)} -> Bosa | E4: 0.090925184 | F4: 5577.308 | G4: 7231097 | H4: 0.77129487 | M4: BOSA | N4: Bosa
A5: =D5&B5 -> La Candelaria2014 | B5: 2014 | C5: CANDELARIA | D5: {=VLOOKUP(C5:C5,$M$1:$N$20,2,FALSE)} -> La Candelaria | E5: 0.0035761552 | F5: 219.35968 | G5: 7231097 | H5: 0.030335601 | M5: CANDELARIA | N5: La Candelaria
A6: =D6&B6 -> Chapinero2014 | B6: 2014 | C6: CHAPINERO | D6: {=VLOOKUP(C6:C6,$M$1:$N$20,2,FALSE)} -> Chapinero | E6: 0.017969647 | F6: 1102.2497 | G6: 7231097 | H6: 0.15243188 | M6: CHAPINERO | N6: Chapinero
A7: =D7&B7 -> Ciudad Bolívar2014 | B7: 2014 | C7: CIUDAD BOLIVAR | D7: {=VLOOKUP(C7:C7,$M$1:$N$20,2,FALSE)} -> Ciudad Bolívar | E7: 0.0925776 | F7: 5678.6665 | G7: 7231097 | H7: 0.78531189 | M7: CIUDAD BOLIVAR | N7: Ciudad Bolívar
A8: =D8&B8 -> Engativá2014 | B8: 2014 | C8: ENGATIVA | D8: {=VLOOKUP(C8:C8,$M$1:$N$20,2,FALSE)} -> Engativá | E8: 0.093705615 | F8: 5747.8584 | G8: 7231097 | H8: 0.79488056 | M8: ENGATIVA | N8: Engativá
A9: =D9&B9 -> Fontibón2014 | B9: 2014 | C9: FONTIBON | D9: {=VLOOKUP(C9:C9,$M$1:$N$20,2,FALSE)} -> Fontibón | E9: 0.041206453 | F9: 2527.5844 | G9: 7231097 | H9: 0.34954371 | M9: FONTIBON | N9: Fontibón
A10: =D10&B10 -> Kennedy2014 | B10: 2014 | C10: KENNEDY | D10: {=VLOOKUP(C10:C10,$M$1:$N$20,2,FALSE)} -> Kennedy | E10: 0.14332416 | F10: 8791.4366 | G10: 7231097 | H10: 1.2157819 | M10: KENNEDY | N10: Kennedy
A11: =D11&B11 -> Los Mártires2014 | B11: 2014 | C11: LOS MARTIRES | D11: {=VLOOKUP(C11:C11,$M$1:$N$20,2,FALSE)} -> Los Mártires | E11: 0.036073503 | F11: 2212.7317 | G11: 7231097 | H11: 0.30600222 | M11: LOS MARTIRES | N11: Los Mártires
A12: =D12&B12 -> Puente Aranda2014 | B12: 2014 | C12: PUENTE ARANDA | D12: {=VLOOKUP(C12:C12,$M$1:$N$20,2,FALSE)} -> Puente Aranda | E12: 0.014461962 | F12: 887.08998 | G12: 7231097 | H12: 0.1226771 | M12: PUENTE ARANDA | N12: Puente Aranda
A13: =D13&B13 -> Rafael Uribe2014 | B13: 2014 | C13: RAFAEL URIBE URIBE | D13: {=VLOOKUP(C13:C13,$M$1:$N$20,2,FALSE)} -> Rafael Uribe | E13: 0.055886036 | F13: 3428.0232 | G13: 7231097 | H13: 0.47406682 | M13: RAFAEL URIBE URIBE | N13: Rafael Uribe
... A20: =D20&B20 -> Usme2014 | B20: 2014 | C20: USME | D20: {=VLOOKUP(C20:C20,$M$1:$N$20,2,FALSE)} -> Usme | E20: 0.052756978 | F20: 3236.0882 | G20: 7231097 | H20: 0.44752383 | M20: USME | N20: Usme
A21: =D21&B21 -> Antonio Nariño2015 | B21: 2015 | C21: ANTONIO NARINO | D21: {=VLOOKUP(C21:C21,$M$1:$N$20,2,FALSE)} -> Antonio Nariño | E21: 0.012288526 | F21: 848.87746 | G21: 7250675 | H21: 0.11707565
A22: =D22&B22 -> Barrios Unidos2015 | B22: 2015 | C22: BARRIOS UNIDOS | D22: {=VLOOKUP(C22:C22,$M$1:$N$20,2,FALSE)} -> Barrios Unidos | E22: 0.012658047 | F22: 874.40358 | G22: 7250675 | H22: 0.12059616
A23: =D23&B23 -> Bosa2015 | B23: 2015 | C23: BOSA | D23: {=VLOOKUP(C23:C23,$M$1:$N$20,2,FALSE)} -> Bosa | E23: 0.090925184 | F23: 6281.0089 | G23: 7250675 | H23: 0.86626541
A24: =D24&B24 -> La Candelaria2015 | B24: 2015 | C24: CANDELARIA | D24: {=VLOOKUP(C24:C24,$M$1:$N$20,2,FALSE)} -> La Candelaria | E24: 0.0035761552 | F24: 247.03676 | G24: 7250675 | H24: 0.034070863
A25: =D25&B25 -> Chapinero2015 | B25: 2015 | C25: CHAPINERO | D25: {=VLOOKUP(C25:C25,$M$1:$N$20,2,FALSE)} -> Chapinero | E25: 0.017969647 | F25: 1241.3229 | G25: 7250675 | H25: 0.17120102
A26: =D26&B26 -> Ciudad Bolívar2015 | B26: 2015 | C26: CIUDAD BOLIVAR | D26: {=VLOOKUP(C26:C26,$M$1:$N$20,2,FALSE)} -> Ciudad Bolívar | E26: 0.0925776 | F26: 6395.156 | G26: 7250675 | H26: 0.88200837
A27: =D27&B27 -> Engativá2015 | B27: 2015 | C27: ENGATIVA | D27: {=VLOOKUP(C27:C27,$M$1:$N$20,2,FALSE)} -> Engativá | E27: 0.093705615 | F27: 6473.078 | G27: 7250675 | H27: 0.89275523
A28: =D28&B28 -> Fontibón2015 | B28: 2015 | C28: FONTIBON | D28: {=VLOOKUP(C28:C28,$M$1:$N$20,2,FALSE)} -> Fontibón | E28: 0.041206453 | F28: 2846.4952 | G28: 7250675 | H28: 0.39258348
A29: =D29&B29 -> Kennedy2015 | B29: 2015 | C29: KENNEDY | D29: {=VLOOKUP(C29:C29,$M$1:$N$20,2,FALSE)} -> Kennedy | E29: 0.14332416 | F29: 9900.671 | G29: 7250675 | H29: 1.3654827
A30: =D30&B30 -> Los Mártires2015 | B30: 2015 | C30: LOS MARTIRES | D30: {=VLOOKUP(C30:C30,$M$1:$N$20,2,FALSE)} -> Los Mártires | E30: 0.036073503 | F30: 2491.9168 | G30: 7250675 | H30: 0.34368067
A31: =D31&B31 -> Puente Aranda2015 | B31: 2015 | C31: PUENTE ARANDA | D31: {=VLOOKUP(C31:C31,$M$1:$N$20,2,FALSE)} -> Puente Aranda | E31: 0.014461962 | F31: 999.01603 | G31: 7250675 | H31: 0.13778249
A32: =D32&B32 -> Rafael Uribe2015 | B32: 2015 | C32: RAFAEL URIBE URIBE | D32: {=VLOOKUP(C32:C32,$M$1:$N$20,2,FALSE)} -> Rafael Uribe | E32: 0.055886036 | F32: 3860.5442 | G32: 7250675 | H32: 0.53243928
... A210: =D210&B210 -> Usme2024 | B210: 2024 | C210: USME | D210: {=VLOOKUP(C210:C210,$M$1:$N$20,2,FALSE)} -> Usme | E210: 0.052756978 | F210: 6211.2446 | G210: 7888813 | H210: 0.78734844

Sheet def_hab
A1: aux | B1: year | C1: loc | D1: localidad | E1: def_rate | J1: Localidad | K1: Column1
A2: =D2&B2 -> Antonio Nariño2014 | B2: 2014 | C2: ANTONIO NARINO | D2: =VLOOKUP(C2,$J$1:$K$20,2,FALSE) -> Antonio Nariño | E2: 0.013621516 | J2: ANTONIO NARINO | K2: Antonio Nariño
A3: =D3&B3 -> Barrios Unidos2014 | B3: 2014 | C3: BARRIOS UNIDOS | D3: =VLOOKUP(C3,$J$1:$K$20,2,FALSE) -> Barrios Unidos | E3: 0.0074646706 | J3: BARRIOS UNIDOS | K3: Barrios Unidos
A4: =D4&B4 -> Bosa2014 | B4: 2014 | C4: BOSA | D4: =VLOOKUP(C4,$J$1:$K$20,2,FALSE) -> Bosa | E4: 0.044211627 | J4: BOSA | K4: Bosa
A5: =D5&B5 -> La Candelaria2014 | B5: 2014 | C5: CANDELARIA | D5: =VLOOKUP(C5,$J$1:$K$20,2,FALSE) -> La Candelaria | E5: 0.0019083525 | J5: CANDELARIA | K5: La Candelaria
A6: =D6&B6 -> Chapinero2014 | B6: 2014 | C6: CHAPINERO | D6: =VLOOKUP(C6,$J$1:$K$20,2,FALSE) -> Chapinero | E6: 0.0043726926 | J6: CHAPINERO | K6: Chapinero
A7: =D7&B7 -> Ciudad Bolívar2014 | B7: 2014 | C7: CIUDAD BOLIVAR | D7: =VLOOKUP(C7,$J$1:$K$20,2,FALSE) -> Ciudad Bolívar | E7: 0.061635419 | J7: CIUDAD BOLIVAR | K7: Ciudad Bolívar
A8: =D8&B8 -> Engativá2014 | B8: 2014 | C8: ENGATIVA | D8: =VLOOKUP(C8,$J$1:$K$20,2,FALSE) -> Engativá | E8: 0.016364924 | J8: ENGATIVA | K8: Engativá
A9: =D9&B9 -> Fontibón2014 | B9: 2014 | C9: FONTIBON | D9: =VLOOKUP(C9,$J$1:$K$20,2,FALSE) -> Fontibón | E9: 0.016330346 | J9: FONTIBON | K9: Fontibón
A10: =D10&B10 -> Kennedy2014 | B10: 2014 | C10: KENNEDY | D10: =VLOOKUP(C10,$J$1:$K$20,2,FALSE) -> Kennedy | E10: 0.02677048 | J10: KENNEDY | K10: Kennedy
A11: =D11&B11 -> Los Mártires2014 | B11: 2014 | C11: LOS MARTIRES | D11: =VLOOKUP(C11,$J$1:$K$20,2,FALSE) -> Los Mártires | E11: 0.021684538 | J11: LOS MARTIRES | K11: Los Mártires
A12: =D12&B12 -> Puente Aranda2014 | B12: 2014 | C12: PUENTE ARANDA | D12: =VLOOKUP(C12,$J$1:$K$20,2,FALSE) -> Puente Aranda | E12: 0.01324707 | J12: PUENTE ARANDA | K12: Puente Aranda
A13: =D13&B13 -> Rafael Uribe2014 | B13: 2014 | C13: RAFAEL URIBE URIBE | D13: =VLOOKUP(C13,$J$1:$K$20,2,FALSE) -> Rafael Uribe | E13: 0.040873367 | J13: RAFAEL URIBE URIBE | K13: Rafael Uribe
... A20: =D20&B20 -> Usme2014 | B20: 2014 | C20: USME | D20: =VLOOKUP(C20,$J$1:$K$20,2,FALSE) -> Usme | E20: 0.060490156 | J20: USME | K20: Usme
A21: =D21&B21 -> Antonio Nariño2015 | B21: 2015 | C21: ANTONIO NARINO | D21: =VLOOKUP(C21,$J$1:$K$20,2,FALSE) -> Antonio Nariño | E21: 0.013261289
A22: =D22&B22 -> Barrios Unidos2015 | B22: 2015 | C22: BARRIOS UNIDOS | D22: =VLOOKUP(C22,$J$1:$K$20,2,FALSE) -> Barrios Unidos | E22: 0.0072672644
A23: =D23&B23 -> Bosa2015 | B23: 2015 | C23: BOSA | D23: =VLOOKUP(C23,$J$1:$K$20,2,FALSE) -> Bosa | E23: 0.043042433
A24: =D24&B24 -> La Candelaria2015 | B24: 2015 | C24: CANDELARIA | D24: =VLOOKUP(C24,$J$1:$K$20,2,FALSE) -> La Candelaria | E24: 0.0018578853
A25: =D25&B25 -> Chapinero2015 | B25: 2015 | C25: CHAPINERO | D25: =VLOOKUP(C25,$J$1:$K$20,2,FALSE) -> Chapinero | E25: 0.004257055
A26: =D26&B26 -> Ciudad Bolívar2015 | B26: 2015 | C26: CIUDAD BOLIVAR | D26: =VLOOKUP(C26,$J$1:$K$20,2,FALSE) -> Ciudad Bolívar | E26: 0.060005445
A27: =D27&B27 -> Engativá2015 | B27: 2015 | C27: ENGATIVA | D27: =VLOOKUP(C27,$J$1:$K$20,2,FALSE) -> Engativá | E27: 0.015932147
A28: =D28&B28 -> Fontibón2015 | B28: 2015 | C28: FONTIBON | D28: =VLOOKUP(C28,$J$1:$K$20,2,FALSE) -> Fontibón | E28: 0.015898484
A29: =D29&B29 -> Kennedy2015 | B29: 2015 | C29: KENNEDY | D29: =VLOOKUP(C29,$J$1:$K$20,2,FALSE) -> Kennedy | E29: 0.026062524
A30: =D30&B30 -> Los Mártires2015 | B30: 2015 | C30: LOS MARTIRES | D30: =VLOOKUP(C30,$J$1:$K$20,2,FALSE) -> Los Mártires | E30: 0.021111082
A31: =D31&B31 -> Puente Aranda2015 | B31: 2015 | C31: PUENTE ARANDA | D31: =VLOOKUP(C31,$J$1:$K$20,2,FALSE) -> Puente Aranda | E31: 0.012896746
A32: =D32&B32 -> Rafael Uribe2015 | B32: 2015 | C32: RAFAEL URIBE URIBE | D32: =VLOOKUP(C32,$J$1:$K$20,2,FALSE) -> Rafael Uribe | E32: 0.039792455
... A210: =D210&B210 -> Usme2024 | B210: 2024 | C210: USME | D210: =VLOOKUP(C210,$J$1:$K$20,2,FALSE) -> Usme | E210: 0.046205746

Sheet ing_prom
A1: aux | B1: loc | C1: year | D1: ing_prom
A2: =B2&C2 -> Antonio Nariño2011 | B2: Antonio Nariño | C2: 2011 | D2: 709623.28
A3: =B3&C3 -> Antonio Nariño2014 | B3: Antonio Nariño | C3: 2014 | D3: 890722.89
A4: =B4&C4 -> Antonio Nariño2015 | B4: Antonio Nariño | C4: 2015 | D4: 951024.83
A5: =B5&C5 -> Antonio Nariño2016 | B5: Antonio Nariño | C5: 2016 | D5: 1007705.9
A6: =B6&C6 -> Antonio Nariño2017 | B6: Antonio Nariño | C6: 2017 | D6: 901700.71
A7: =B7&C7 -> Antonio Nariño2018 | B7: Antonio Nariño | C7: 2018 | D7: 931186.32
A8: =B8&C8 -> Antonio Nariño2019 | B8: Antonio Nariño | C8: 2019 | D8: 966943.88
A9: =B9&C9 -> Antonio Nariño2020 | B9: Antonio Nariño | C9: 2020 | D9: 981351.34
A10: =B10&C10 -> Antonio Nariño2021 | B10: Antonio Nariño | C10: 2021 | D10: 1032970.4
A11: =B11&C11 -> Antonio Nariño2022 | B11: Antonio Nariño | C11: 2022 | D11: 1162401.6
A12: =B12&C12 -> Antonio Nariño2023 | B12: Antonio Nariño | C12: 2023 | D12: 1280385.4
A13: =B13&C13 -> Antonio Nariño2024 | B13: Antonio Nariño | C13: 2024 | D13: 1346965.4
... A229: =B229&C229 -> Usme2024 | B229: Usme | C229: 2024 | D229: 965807.23
